{"name":"87a4182f-7a0b-4fb0-bea5-19c2a47d738a","id":"/providers/Microsoft.Flow/flows/87a4182f-7a0b-4fb0-bea5-19c2a47d738a","type":"Microsoft.Flow/flows","properties":{"apiId":"/providers/Microsoft.PowerApps/apis/shared_logicflows","displayName":"Get All Flow Users","definition":{"metadata":{"workflowEntityId":null,"processAdvisorMetadata":null,"flowclientsuspensionreason":"None","flowclientsuspensiontime":null,"creator":{"id":"8f4b63f7-35ea-42e4-a20d-12db1c70ac04","type":"User","tenantId":"e695f4d6-1539-42a2-bd8d-669d8d45b663"},"provisioningMethod":"FromDefinition","failureAlertSubscription":true,"clientLastModifiedTime":"2022-05-03T16:51:39.7199362Z"},"$schema":"https://schema.management.azure.com/providers/Microsoft.Logic/schemas/2016-06-01/workflowdefinition.json#","contentVersion":"1.0.0.0","parameters":{"$connections":{"defaultValue":{},"type":"Object"},"$authentication":{"defaultValue":{},"type":"SecureObject"}},"triggers":{"manual":{"metadata":{"operationMetadataId":"13065c5f-e83f-4b52-86e7-2f4f902ab7a3"},"type":"Request","kind":"Button","inputs":{"schema":{"type":"object","properties":{},"required":[]}}}},"actions":{"List_Environments_as_Admin":{"runAfter":{},"metadata":{"operationMetadataId":"000a3665-10b9-479b-934d-079073b1dcd7"},"type":"OpenApiConnection","inputs":{"host":{"apiId":"/providers/Microsoft.PowerApps/apis/shared_powerplatformforadmins","connectionName":"shared_powerplatformforadmins","operationId":"Get-AdminEnvironment"},"parameters":{"api-version":"2018-10-01"},"authentication":{"value":"@json(decodeBase64(triggerOutputs().headers['X-MS-APIM-Tokens']))['$ConnectionKey']","type":"Raw"}},"runtimeConfiguration":{"paginationPolicy":{"minimumItemCount":100000}}},"Apply_to_each_Environment":{"foreach":"@outputs('List_Environments_as_Admin')?['body/value']","actions":{"List_Flows_as_Admin":{"runAfter":{},"metadata":{"operationMetadataId":"4445f61e-242c-4b9d-8bd1-378c197838b7"},"type":"OpenApiConnection","inputs":{"host":{"apiId":"/providers/Microsoft.PowerApps/apis/shared_flowmanagement","connectionName":"shared_flowmanagement","operationId":"ListFlowsInEnvironment"},"parameters":{"environmentName":"@items('Apply_to_each_Environment')?['name']"},"authentication":{"value":"@json(decodeBase64(triggerOutputs().headers['X-MS-APIM-Tokens']))['$ConnectionKey']","type":"Raw"}},"runtimeConfiguration":{"paginationPolicy":{"minimumItemCount":100000}}},"Apply_to_each_Flow_in_Environment":{"foreach":"@outputs('List_Flows_as_Admin')?['body/value']","actions":{"Get_Flow_as_Admin":{"runAfter":{},"metadata":{"operationMetadataId":"0f75e9e7-b30f-4c7c-8a38-1ddcab683fe6"},"type":"OpenApiConnection","inputs":{"host":{"apiId":"/providers/Microsoft.PowerApps/apis/shared_flowmanagement","connectionName":"shared_flowmanagement","operationId":"AdminGetFlow"},"parameters":{"environmentName":"@items('Apply_to_each_Environment')?['name']","flowName":"@items('Apply_to_each_Flow_in_Environment')?['name']"},"authentication":{"value":"@json(decodeBase64(triggerOutputs().headers['X-MS-APIM-Tokens']))['$ConnectionKey']","type":"Raw"}}},"Check_if_it_is_solution-aware":{"actions":{"Add_solution-aware_flow_into_a_table":{"runAfter":{},"metadata":{"01YGYBGRTP6OPVHCOFVRF2TJPO4EIS4WW5":"/Book.xlsx","operationMetadataId":"326bb794-5350-4db2-aea1-4bc5aefc1cfc","tableId":"{FE44FCC4-B6B8-4C56-AE00-857126060FB2}"},"type":"OpenApiConnection","inputs":{"host":{"apiId":"/providers/Microsoft.PowerApps/apis/shared_excelonlinebusiness","connectionName":"shared_excelonlinebusiness","operationId":"AddRowV2"},"parameters":{"source":"me","drive":"b!mvZT3RgWtkar_U1fAb28JX4a4quyzbRFpnJX3eanKT3y86mpBcJdRqSfkf2vT5SI","file":"01YGYBGRTP6OPVHCOFVRF2TJPO4EIS4WW5","table":"{FE44FCC4-B6B8-4C56-AE00-857126060FB2}","item/Environment ID":"@items('Apply_to_each_Environment')?['name']","item/Environment Name":"@items('Apply_to_each_Environment')?['properties/displayName']","item/Flow ID":"@items('Apply_to_each_Flow_in_Environment')?['name']","item/Flow Name":"@items('Apply_to_each_Flow_in_Environment')?['properties/displayName']","item/Flow Type":"@variables('flowType')","item/Flow Tier":"@variables('isPremium')","item/Is in Solution":"@if(equals(outputs('Get_Flow_as_Admin')?['body/properties']?['workflowEntityId'], null), 'No', 'Yes')","item/Share type":"Not visible","item/Permission Type":"Not visible","item/Principal ID":"Not visible","item/Delegation Service":"Not visible","item/Delegated Collection":"Not visible","item/Delegated Resource ID":"Not visible"},"authentication":{"value":"@json(decodeBase64(triggerOutputs().headers['X-MS-APIM-Tokens']))['$ConnectionKey']","type":"Raw"}}}},"runAfter":{"Check_if_it_uses_Premium_connectors":["Succeeded"]},"else":{"actions":{"Get_Flow_Owner_Role_as_Admin":{"runAfter":{},"metadata":{"operationMetadataId":"1dd54be0-5046-4723-af7d-8a5af950699b"},"type":"OpenApiConnection","inputs":{"host":{"apiId":"/providers/Microsoft.PowerApps/apis/shared_microsoftflowforadmins","connectionName":"shared_microsoftflowforadmins","operationId":"Get-AdminFlowOwnerRole"},"parameters":{"environment":"@items('Apply_to_each_Environment')?['name']","flow":"@items('Apply_to_each_Flow_in_Environment')?['name']","api-version":"2016-11-01"},"authentication":{"value":"@json(decodeBase64(triggerOutputs().headers['X-MS-APIM-Tokens']))['$ConnectionKey']","type":"Raw"}}},"Apply_to_each_User_of_current_Flow":{"foreach":"@outputs('Get_Flow_Owner_Role_as_Admin')?['body/value']","actions":{"Add_a_row_into_a_table":{"runAfter":{},"metadata":{"01YGYBGRTP6OPVHCOFVRF2TJPO4EIS4WW5":"/Book.xlsx","operationMetadataId":"fd59887a-7888-4e3c-b7b7-36a5328f7a0d","tableId":"{FE44FCC4-B6B8-4C56-AE00-857126060FB2}"},"type":"OpenApiConnection","inputs":{"host":{"apiId":"/providers/Microsoft.PowerApps/apis/shared_excelonlinebusiness","connectionName":"shared_excelonlinebusiness","operationId":"AddRowV2"},"parameters":{"source":"me","drive":"b!mvZT3RgWtkar_U1fAb28JX4a4quyzbRFpnJX3eanKT3y86mpBcJdRqSfkf2vT5SI","file":"01YGYBGRTP6OPVHCOFVRF2TJPO4EIS4WW5","table":"{FE44FCC4-B6B8-4C56-AE00-857126060FB2}","item/Environment ID":"@items('Apply_to_each_Environment')?['name']","item/Environment Name":"@items('Apply_to_each_Environment')?['properties/displayName']","item/Flow ID":"@items('Apply_to_each_Flow_in_Environment')?['name']","item/Flow Name":"@items('Apply_to_each_Flow_in_Environment')?['properties/displayName']","item/Flow Type":"@variables('flowType')","item/Flow Tier":"@variables('isPremium')","item/Is in Solution":"@if(equals(outputs('Get_Flow_as_Admin')?['body/properties']?['workflowEntityId'], null), 'No', 'Yes')","item/Share type":"@items('Apply_to_each_User_of_current_Flow')?['properties/roleName']","item/Permission Type":"@items('Apply_to_each_User_of_current_Flow')?['properties/permissionType']","item/Principal ID":"@items('Apply_to_each_User_of_current_Flow')?['name']","item/Delegation Service":"@items('Apply_to_each_User_of_current_Flow')?['properties/authorizationDelegate/delegationSource/delegationService']","item/Delegated Collection":"@items('Apply_to_each_User_of_current_Flow')?['properties/authorizationDelegate/delegatedAuthResource/resourceCollection']","item/Delegated Resource ID":"@items('Apply_to_each_User_of_current_Flow')?['properties/authorizationDelegate/delegatedAuthResource/resourceId']"},"authentication":{"value":"@json(decodeBase64(triggerOutputs().headers['X-MS-APIM-Tokens']))['$ConnectionKey']","type":"Raw"}}}},"runAfter":{"Get_Flow_Owner_Role_as_Admin":["Succeeded"]},"metadata":{"operationMetadataId":"6c664c9c-88a8-4adc-9cf7-0099169b85f2"},"type":"Foreach","runtimeConfiguration":{"concurrency":{"repetitions":5}}}}},"expression":{"not":{"equals":["@outputs('Get_Flow_as_Admin')?['body/properties']?['workflowEntityId']","@null"]}},"metadata":{"operationMetadataId":"e6711adb-0cce-425f-bc14-1902f60da31d"},"type":"If"},"Parse_JSON":{"runAfter":{"Select_Connection_References":["Succeeded"]},"metadata":{"operationMetadataId":"8e7734fc-c721-420c-b3c7-511bc977c40d"},"type":"ParseJson","inputs":{"content":"@body('Select_Connection_References')","schema":{"type":"array","items":{"type":"object","properties":{"tier":{"type":"string"}},"required":["tier"]}}}},"Filter_Premium_connectors_only":{"runAfter":{"Parse_JSON":["Succeeded"]},"metadata":{"operationMetadataId":"69c1c5d8-e6e1-413f-94a2-a4699694ddd4"},"type":"Query","inputs":{"from":"@body('Parse_JSON')","where":"@contains(item()['tier'], 'Premium')"}},"Check_if_it_uses_Premium_connectors":{"actions":{"Set_to_Premium":{"runAfter":{},"metadata":{"operationMetadataId":"5fc9d519-c6ab-4b18-ab58-be137b96ab47"},"type":"SetVariable","inputs":{"name":"isPremium","value":"Premium"}}},"runAfter":{"Evaluate_Flow_Type":["Succeeded"]},"else":{"actions":{"Set_to_Standard":{"runAfter":{},"metadata":{"operationMetadataId":"7e402d37-4db2-4974-a762-b1de7d5794f2"},"type":"SetVariable","inputs":{"name":"isPremium","value":"Standard"}}}},"expression":{"or":[{"greater":["@length(body('Filter_Premium_connectors_only'))",0]},{"contains":["@outputs('Concat_Actions')","Http"]},{"contains":["@outputs('Concat_Triggers_Type')","Http"]},{"contains":["@outputs('Concat_Triggers_Kind')","Http"]}]},"metadata":{"operationMetadataId":"01f2c9f0-15b9-41e4-a61a-0cf580835769"},"type":"If"},"Select_Connection_References":{"runAfter":{"Concat_Triggers_Kind":["Succeeded"]},"metadata":{"operationMetadataId":"71511430-4a22-4b3a-8329-65d995841df5"},"type":"Select","inputs":{"from":"@outputs('Get_Flow_as_Admin')?['body/properties/connectionReferences']","select":{"tier":"@item()?['apiDefinition/properties/tier']"}}},"Select_Actions":{"runAfter":{"Get_Flow_as_Admin":["Succeeded"]},"metadata":{"operationMetadataId":"88289724-dd3f-41e1-ac71-55d7a7be3896"},"type":"Select","inputs":{"from":"@outputs('Get_Flow_as_Admin')?['body/properties/definitionSummary/actions']","select":{"type":"@item()?['type']"}}},"Concat_Actions":{"runAfter":{"Select_Actions":["Succeeded"]},"metadata":{"operationMetadataId":"8ab7794b-faf2-4ae0-a6fc-daeee887b919"},"type":"Compose","inputs":"@replace(replace(replace(join(body('Select_Actions'),','),'{\"type\":\"',''),'\"}',''),',',';')"},"Select_Triggers_Type":{"runAfter":{"Concat_Actions":["Succeeded"]},"metadata":{"operationMetadataId":"68756245-b6ad-4457-b5ce-950d94baecf2"},"type":"Select","inputs":{"from":"@outputs('Get_Flow_as_Admin')?['body/properties/definitionSummary/triggers']","select":{"type":"@item()?['type']"}}},"Concat_Triggers_Type":{"runAfter":{"Select_Triggers_Type":["Succeeded"]},"metadata":{"operationMetadataId":"34442163-e1ec-4010-beab-32e4c56f1b23"},"type":"Compose","inputs":"@replace(replace(replace(join(body('Select_Triggers_Type'),','),'{\"type\":\"',''),'\"}',''),',',';')"},"Evaluate_Flow_Type":{"runAfter":{"Filter_Premium_connectors_only":["Succeeded"]},"cases":{"Case":{"case":"Request","actions":{"Condition":{"actions":{"Set_variable_6":{"runAfter":{},"type":"SetVariable","inputs":{"name":"flowType","value":"Automated"}}},"runAfter":{},"else":{"actions":{"Set_variable":{"runAfter":{},"type":"SetVariable","inputs":{"name":"flowType","value":"Instant"}}}},"expression":{"equals":["@outputs('Get_Flow_as_Admin')?['body/properties/definitionSummary/triggers']?[0]?['kind']","Http"]},"type":"If"}}},"Case_":{"case":"Recurrence","actions":{"Set_variable_4":{"runAfter":{},"type":"SetVariable","inputs":{"name":"flowType","value":"Scheduled"}}}}},"default":{"actions":{"Set_variable_5":{"runAfter":{},"type":"SetVariable","inputs":{"name":"flowType","value":"Automated"}}}},"expression":"@outputs('Get_Flow_as_Admin')?['body/properties/definitionSummary/triggers']?[0]?['type']","metadata":{"operationMetadataId":"2a95ff3f-d895-49b2-afa6-8d0cb6820a81"},"type":"Switch"},"Concat_Triggers_Kind":{"runAfter":{"Select_Triggers_Kind":["Succeeded"]},"metadata":{"operationMetadataId":"34442163-e1ec-4010-beab-32e4c56f1b23"},"type":"Compose","inputs":"@replace(replace(replace(join(body('Select_Triggers_Kind'),','),'{\"kind\":\"',''),'\"}',''),',',';')"},"Select_Triggers_Kind":{"runAfter":{"Concat_Triggers_Type":["Succeeded"]},"metadata":{"operationMetadataId":"68756245-b6ad-4457-b5ce-950d94baecf2"},"type":"Select","inputs":{"from":"@outputs('Get_Flow_as_Admin')?['body/properties/definitionSummary/triggers']","select":{"kind":"@item()?['kind']"}}}},"runAfter":{"List_Flows_as_Admin":["Succeeded"]},"metadata":{"operationMetadataId":"813b345b-f15d-406b-bad1-30e711b3106c"},"type":"Foreach"}},"runAfter":{"Initialize_Flow_Type":["Succeeded"]},"metadata":{"operationMetadataId":"13f9f577-98a6-481b-9967-6713753d8e46"},"type":"Foreach"},"Initialize_Premium_Flag":{"runAfter":{"List_Environments_as_Admin":["Succeeded"]},"metadata":{"operationMetadataId":"df64109d-c058-475c-bee8-acc532ff7be5"},"type":"InitializeVariable","inputs":{"variables":[{"name":"isPremium","type":"string"}]}},"Initialize_Flow_Type":{"runAfter":{"Initialize_Premium_Flag":["Succeeded"]},"metadata":{"operationMetadataId":"21121e69-cc55-48a7-b753-74427f2f5161"},"type":"InitializeVariable","inputs":{"variables":[{"name":"flowType","type":"string"}]}}}},"connectionReferences":{"shared_powerplatformforadmins":{"connectionName":"shared-powerplatform-e513834c-5a85-4eed-8655-e437d6a422d1","source":"Invoker","id":"/providers/Microsoft.PowerApps/apis/shared_powerplatformforadmins","tier":"NotSpecified"},"shared_flowmanagement":{"connectionName":"f68f66d96d4541dead1bcdd1065cac0c","source":"Invoker","id":"/providers/Microsoft.PowerApps/apis/shared_flowmanagement","tier":"NotSpecified"},"shared_excelonlinebusiness":{"connectionName":"89b794f642ac4650a073afed2773d3b7","source":"Invoker","id":"/providers/Microsoft.PowerApps/apis/shared_excelonlinebusiness","tier":"NotSpecified"},"shared_microsoftflowforadmins":{"connectionName":"shared-microsoftflow-c54a8101-5bab-4681-85c4-89f12b94e248","source":"Invoker","id":"/providers/Microsoft.PowerApps/apis/shared_microsoftflowforadmins","tier":"NotSpecified"}},"flowFailureAlertSubscribed":false,"isManaged":false}}